Metric,Value
EER_%,9.091294140428325
EER_Threshold,0.95751953125
AUC,0.9268458578591262
Accuracy,0.9148726071058446
F1_Score,0.9449450208977496
