Metric,Value
EER_%,45.11461952434978
EER_Threshold,0.50146484375
AUC,0.569707477182203
Accuracy,0.5523845837977357
F1_Score,0.6634073180952661
