Metric,Value
EER_%,8.31903357764889
EER_Threshold,0.85693359375
AUC,0.9458237375092101
Accuracy,0.9168084315910913
F1_Score,0.9460136789879071
